account,secretkey,apikey,userid,pwd,uid
maple_chen_test00@coinw.com,V5MK00X1CWOFUORAWVZDC3RHAOKF5LBPGD65,b96485ec-710e-40d5-8865-a5e20e76b5fa,600016215,1qaz@WSX,123147256
maple_chen_test01@coinw.com,OMHI0ROQWMQESGSRWFIY1N48PUGXHKBUKQ1O,cf23b4d2-b82e-4658-a31d-cc4ba8e4e434,600016216,1qaz@WSX,123147257
maple_chen_test02@coinw.com,OGRTODDFCZNUCH1UZA4VTYSOT63Q1UILRLSU,7714b506-309d-423c-a748-5cdccc1ae623,600016217,1qaz@WSX,123147258
maple_chen_test03@coinw.com,1ETDE7UUECL3FMWBEGKDKBVDGHIS1S4GGUXO,bc6a0288-b837-4d65-8d0c-5f853577e712,600016218,1qaz@WSX,123147259
maple_chen_test04@coinw.com,NNZMCYKYWFDBOAMPFZKEU9EYDUHG1439CLVL,796919f0-804b-46c8-bac1-6713b38ae0c2,600016219,1qaz@WSX,123147260
maple_chen_test05@coinw.com,1KHGKBBT50WCMX8SXGNNA1HR5POBRV5XMQ1G,aaa534de-2436-4a09-9b59-7113968c076f,600016220,1qaz@WSX,123147261
maple_chen_test06@coinw.com,FRGGSUBHTDYBD7LY73CUAAFLMWLKVNGGPFH6,42672ef5-feff-489a-bb3d-b179ce217f95,600016221,1qaz@WSX,123147262
maple_chen_test07@coinw.com,ZQDIHIXRZ53HGPDC5T05YWE6IGURLOM3LOYM,3fd23df1-f0b2-43dc-b028-81ff90a3f456,600016222,1qaz@WSX,123147263
maple_chen_test08@coinw.com,GDNB4KZG2EC9QHWM0WBGSRTZP8DYSNCGCWWX,4c51d970-4919-4143-bf8e-688c7bcd1ab8,600016223,1qaz@WSX,123147264
maple_chen_test09@coinw.com,GZMNG7CWEXKVLMICUISDAD1NNZVTGHQNTME9,1c4f19a6-9ff3-47cb-958f-cdd805b03b23,600016224,1qaz@WSX,123147265
maple_chen_test010@coinw.com,RFSFFRATMGVSO5FEBV6APSMPEWNPEL3GNTHQ,4d4913c2-79bd-4af5-8982-0326d6016553,600016225,1qaz@WSX,123147266
maple_chen_test011@coinw.com,GPCGK7TNRDTFQVHCKLHDGSRPYAG8TD8FKFUS,2964f509-53f8-4a3d-9e58-e5cb9b030e45,600016226,1qaz@WSX,123147267
maple_chen_test012@coinw.com,EGM6XCSKWRGNATN9MTMONRIAMS3YIT4GUEZT,7aca617a-06a9-4aa6-a9a4-23a83a0442c4,600016227,1qaz@WSX,123147268
maple_chen_test013@coinw.com,TDIFIQMKXUDABAUBF3Q2TDKNWXG48GM1G3GK,b7328bf9-c139-46cd-9bd3-3181b3035e2c,600016228,1qaz@WSX,123147269
maple_chen_test014@coinw.com,GCGYLESKDLKIOHXKW5GN2EOXLWR6DMSVRWZX,5bdb6a1f-b8fd-47ec-afc0-76e02a287b1b,600016229,1qaz@WSX,123147270
maple_chen_test015@coinw.com,8AXQNYGUWH9PASYL7KZ83FRVSGLVKNYADNYI,d02b1cd2-ca82-4ffd-b174-ad3e2fc277a8,600016230,1qaz@WSX,123147271
maple_chen_test016@coinw.com,LEMORFNUCAEZ8CVGOGLGDZLVWZX0NVZXTU4V,15db228e-b2a2-4f1e-ac98-4d8630948a1a,600016231,1qaz@WSX,123147272
maple_chen_test017@coinw.com,FMNB8RSTAADCV98DGHBUZMYV8KOHFV2MLXWX,51c8a764-bf11-40ff-a5ff-b116eb5f8967,600016232,1qaz@WSX,123147273
maple_chen_test018@coinw.com,FATK1HRI05AX6HSEKIHGOUL30HHZ14G3VKCK,c91bd39d-7144-40ee-b376-49683f4bd270,600016233,1qaz@WSX,123147274
maple_chen_test019@coinw.com,Q2RYESPWIW6CSE8DB7XP0OV5UMP9NMWVR88X,c6f248c6-5ab5-4fc8-a63c-676864dc2bc7,600016234,1qaz@WSX,123147275
maple_chen_test020@coinw.com,G0Z0BXUNFWUGNVKNHSH27GMYRH32FSPBOXDQ,217a0916-2e0e-49ca-a029-4dc882a076fe,600016235,1qaz@WSX,123147276
maple_chen_test021@coinw.com,DFRC5GWQLIIIHIEVLRFE9EX7GSFR7E5QCOOF,ec3fe09c-cfe2-4d07-b80f-ed71f729f504,600016236,1qaz@WSX,123147277
maple_chen_test022@coinw.com,Y09FGG1B5PLDCA4YXRPLUGGUEMHSKDIXCNKU,6d39320c-f48c-4034-8d64-0bdfeacec0aa,600016237,1qaz@WSX,123147278
maple_chen_test023@coinw.com,MBFLASFFVU2D3EYDAWKTOMVBIDDWZTUU5FFZ,e9c00f2e-481c-4b7a-a48f-30e32a909162,600016238,1qaz@WSX,123147279
maple_chen_test024@coinw.com,MGNZCSYFLDKBQYKQYSKG32ARPUMEPIGMA9TI,915e9021-476f-4736-8dd0-2fe014012bd1,600016239,1qaz@WSX,123147280
maple_chen_test025@coinw.com,UN5YIKAXCM9CWCSUQVDFDBAAZZNGAU9AGKBD,1cb4461d-24c2-4664-9618-3b73742c6bea,600016240,1qaz@WSX,123147281
maple_chen_test026@coinw.com,PDHRFEKFE6FRUGTA3EFCKGZHWA44C6XQ6FKK,8018d515-36ae-4f92-ad08-a66b0faf2d9b,600016241,1qaz@WSX,123147282
maple_chen_test027@coinw.com,AAVZCUH6TFZUPRXWBB3UYVFYLLM2CFK0U8RS,e8aa4ee2-7d3c-4ec9-a8ee-6cd248621d7e,600016242,1qaz@WSX,123147283
maple_chen_test028@coinw.com,ZFKFKK3SDICORTMBZCSGGK98DHS8F9AUY21F,8f4fe51c-f2f6-4acf-b36e-906412953ce1,600016243,1qaz@WSX,123147284
maple_chen_test029@coinw.com,VTC7O3GK29D7C8EUWSGFRHICYLPCR1FH0VOB,bc8d5aae-656a-445e-9738-718ee0208718,600016244,1qaz@WSX,123147285
maple_chen_test030@coinw.com,GVFARLIWBUNCCZZWVDADFOY5GLNLFCENCPGL,799456c0-8af4-42ab-91b2-c846e1facd5a,600016245,1qaz@WSX,123147286
maple_chen_test031@coinw.com,2DTC8RVFPCCZR2RGWRLWO5M6GK8H8ZTZVG4B,95756b12-e816-4172-8ec5-0bfab8bc6637,600016246,1qaz@WSX,123147287
maple_chen_test032@coinw.com,YQ28ZQ07CR6SQTHYXFU4OGIWF4ODHSVD9NZA,830d3106-71b3-4032-a90b-f3e315467589,600016247,1qaz@WSX,123147288
maple_chen_test033@coinw.com,ZAZGQD71NKIB4UY2TM0UU68QU3LBEIPLEN3Y,bc6f4a53-af67-442c-ac95-fe49e63541e1,600016248,1qaz@WSX,123147289
maple_chen_test034@coinw.com,4KUS62AF9FEKZIUYPKSZF4HIKEFFM00FDRYY,90146864-7c74-4c4f-ae6d-b79f9e66530e,600016249,1qaz@WSX,123147290
maple_chen_test035@coinw.com,KNYC6VWVUGGIBEFMTGY1SGSKKK7GOADK7YFF,ae96803b-ee32-4dee-bc50-b63e27af7c3a,600016250,1qaz@WSX,123147291
maple_chen_test036@coinw.com,4RFWXGFL80XHSNNLGOGR0LSWR10HYNAGFTEV,9483f87f-cc17-4979-8a3a-a5183e4075b7,600016251,1qaz@WSX,123147292
maple_chen_test037@coinw.com,MILDWIS2M4X1BD6RZ39OAXNFM4LIATPB2NFP,f4a8d146-d152-4e10-8997-bf67da598b50,600016252,1qaz@WSX,123147293
maple_chen_test038@coinw.com,Z4AKYIYFKMGE2Z4RIX5FWCTT2V8HXGQUYMEP,a1ec7131-e7bf-4b85-84f2-215356839ec2,600016253,1qaz@WSX,123147294
maple_chen_test039@coinw.com,L8IAK0U3XWYNC1ENTMLX31D1TSOUYC3DNPGG,6c9b5690-5dbd-4de0-9890-8e23bdf887fb,600016254,1qaz@WSX,123147295
maple_chen_test040@coinw.com,D5DD5SD9BEDVKUSCIGDIGKOATCTOYDVVDHHK,a7cdcf9d-1259-4af3-9ee4-558577d0b1f2,600016255,1qaz@WSX,123147296
maple_chen_test041@coinw.com,PZICUAPNX65IC6VV9I2XEDAINDWGBGQNQFIP,b5906376-4cd7-4eda-a03f-d9247ee335b0,600016256,1qaz@WSX,123147297
maple_chen_test042@coinw.com,Z1WY5RXVFBYIXN5R6HWP4I2KB6P2PFBKSRFH,03c22c84-fa09-484f-a6da-da540cbb2b68,600016257,1qaz@WSX,123147298
maple_chen_test043@coinw.com,09CBEDXWG04GVOYMRDMHLKF1ZU0627KIUT2C,eb96359a-cfc2-4cd7-9b5c-2e1bd76ed121,600016258,1qaz@WSX,123147299
maple_chen_test044@coinw.com,6XGP8RGPKAMRTCNAYEYPWVM2BVF9NOYG0RKV,427bc678-ac76-4e51-a0c5-0db4340b351f,600016259,1qaz@WSX,123147300
maple_chen_test045@coinw.com,I9KFYALDIMF0SGS5ODEP8QKIQMO4CCABS3F9,7b428da3-6e1f-4a11-9d4f-1282039572f8,600016260,1qaz@WSX,123147301
maple_chen_test046@coinw.com,WISKHMW0GEMKVULSQNEGOOO5GEN7R3NDB5YD,2b18259b-15b6-4c56-aa2d-5a5089e54fbf,600016261,1qaz@WSX,123147302
maple_chen_test047@coinw.com,UD0AUHMW54Y9SSX9HF7NB8ZK9DSO4KFRER7Y,1688ad48-b81c-4951-a88d-5dcb5ef2b35b,600016262,1qaz@WSX,123147303
maple_chen_test048@coinw.com,0MGPPT4GBGPRR8M70YOFGZKKKVLXGFZNVL0T,85ec80ca-4ef2-48ad-8cf6-950a4c48b5c2,600016263,1qaz@WSX,123147304
maple_chen_test049@coinw.com,89H7QH3GN6005CVLPS7KHKMOEBOPDGELBID4,dab66b6e-b7d6-401a-8a1a-f35521e2d61d,600016264,1qaz@WSX,123147305
maple_chen_test050@coinw.com,0M1T36PRZN0CXDK4S4ZFB8W0K2EEVYNP2HB4,9509fd29-642c-42ed-be01-b7b2583357bd,600016265,1qaz@WSX,123147306
maple_chen_test051@coinw.com,OXXCAXBUNVGAMZNIZ1GDXK3FKBMEU1UHWY3M,1ea5bfe5-ee83-4661-a02e-bbaace9a2b91,600016266,1qaz@WSX,123147307
maple_chen_test052@coinw.com,SHYIGSK0KD0XWLKYVMXDTRU5YE9REOTNSXXD,d333c4d5-2690-4203-8845-9f75e27f82e5,600016267,1qaz@WSX,123147308
maple_chen_test053@coinw.com,PWUEV05GCEGRUKH5DOGOREGMMZWG6OEUMHHI,ced5dd8a-9f3c-42ba-8e5b-ca1b781ead2a,600016268,1qaz@WSX,123147309
maple_chen_test054@coinw.com,G2YUOQBCHRSG4UVHKWL50C0VXENOSL3UWUFK,555101ac-2b18-4ba2-9496-d16bf57b4cf6,600016269,1qaz@WSX,123147310
maple_chen_test055@coinw.com,ZYR2E7WS5RBGBFLAKFOGRXXSM20CW8WK5IMR,f69ee8e7-d18c-4938-a92d-442f4363505e,600016270,1qaz@WSX,123147311
maple_chen_test056@coinw.com,AAXY9GA5MI0GDPNK8AGKELCLWTFTEZ6H1UCC,ba7ca854-db39-416e-97c5-44481bc48bb5,600016271,1qaz@WSX,123147312
maple_chen_test057@coinw.com,MOHTTEPIZQGGRGRTZY9DUZTSB7DZGSXGVRDI,773ff6ca-3233-4d6e-b7b7-37991b1bb96d,600016272,1qaz@WSX,123147313
maple_chen_test058@coinw.com,G5QU7NENKKGN2YKKL5IEMGPY9NVVHYZGSK0Z,79aeeb0d-8bf9-4023-90e0-5bc353e93139,600016273,1qaz@WSX,123147314
maple_chen_test059@coinw.com,BL6KY96BLKHK07TLWWOVXIMFTT3EXSPSIB27,c32dd25d-1131-41de-a516-54bc08c23e18,600016274,1qaz@WSX,123147315
maple_chen_test060@coinw.com,HYDOGAKNC77Q8D0PHOYNKLKKLFI4GOGHTCYI,79689c7e-1168-44bd-b313-c44544cc1ad9,600016275,1qaz@WSX,123147316
maple_chen_test061@coinw.com,G4AB6EDLKH7PBZN855YPTUSXNOCBGL2GS45L,c42f9f1f-e55c-46bb-8bee-6d2203ef5e3d,600016276,1qaz@WSX,123147317
maple_chen_test062@coinw.com,SGLEYKHKQ2NK6GTLKKK4W8QVGNSYQK3R2YRM,5cf97115-95d2-467d-8935-3c71e4d7129a,600016277,1qaz@WSX,123147318
maple_chen_test063@coinw.com,RCBXL1W2GUZYUE61TDHGENEDFLMZ7K0GG3OE,aee81a57-dcbd-422a-a07c-bbc9c415562c,600016278,1qaz@WSX,123147319
maple_chen_test064@coinw.com,MIGYS4FCA1EZY0NWFGFG3T6WUY8O225BXKRU,3f906858-34e7-4fc4-be5c-62081fa2b02b,600016279,1qaz@WSX,123147320
maple_chen_test065@coinw.com,5NRA5QCODKEWVOCBY1KEHKOTGUXETSDALEOG,fb092c4f-37c2-4672-a542-9fadd1b89014,600016280,1qaz@WSX,123147321
maple_chen_test066@coinw.com,VSDOMYWUA076NV9WD5WBN1WIGCPTZIFPWLDF,6539353f-d24e-46f4-85fe-fe56fb147f3d,600016281,1qaz@WSX,123147322
maple_chen_test067@coinw.com,FVI9TT31GG8FKY3OZ5Z3BFYRLOFSCMYDVXBM,7c02d0f9-6aa5-4079-83dc-82c561f8381a,600016282,1qaz@WSX,123147323
maple_chen_test068@coinw.com,LCUC9DD0ZAH4BWOY4HVQZKSKSGRLK8XGNK8F,a75bf0b6-076e-4472-9ef4-c653d90d9b63,600016283,1qaz@WSX,123147324
maple_chen_test069@coinw.com,D2PPSKRNGRIRPRGPLFG3WPCVP2E45OUP7K57,4f1c625f-731c-4009-92c9-eecdafed4ee5,600016284,1qaz@WSX,123147325
maple_chen_test070@coinw.com,SIGRN0SKRFIP4YGCAP95M4TGGFF2SCWZEAYO,d121bfeb-5155-4638-8426-0fa2efb38170,600016285,1qaz@WSX,123147326
maple_chen_test071@coinw.com,HOULOOHFYRGQNUWPYZBRSD3OMFYBSVOKM8CV,52271ebc-97fa-41aa-bb8d-cfa565b42ea3,600016286,1qaz@WSX,123147327
maple_chen_test072@coinw.com,DFUZYGV0IX1F1KOEXA9NDUMWE1GBKR2BNEG0,b9194e38-09a4-4afd-ba5e-c383d34553f7,600016287,1qaz@WSX,123147328
maple_chen_test073@coinw.com,YWTRLBVAGIO9OO2NU8XKLIFCG0LOCGUBSDEL,589a7aaa-fd8f-4c2d-8be3-e9226256d819,600016288,1qaz@WSX,123147329
maple_chen_test074@coinw.com,BZINWT6SGIHT7ATLZCHVRFH36SXTSVZBZLWF,48ae273e-2d43-484f-ab4c-be63d8e4f4ae,600016289,1qaz@WSX,123147330
maple_chen_test075@coinw.com,O4HDOWRODEKVF9U3KCFB9PGVV07CHFEHA1TU,56e919ce-4220-4af4-9278-6cf3fa833634,600016290,1qaz@WSX,123147331
maple_chen_test076@coinw.com,D3UDEIMCFTT4AHUWCP6FP9GPE2XIKW0WL8UY,a75fc124-2f45-4fd4-b376-32f45bc7d4a6,600016291,1qaz@WSX,123147332
maple_chen_test077@coinw.com,N5BCRKTKY1SCGX1NRMDYKTK4Z4DXKH4PIIIF,4b3f67c5-0340-46fb-9044-ab82f40794d0,600016292,1qaz@WSX,123147333
maple_chen_test078@coinw.com,0LCOSGCBOEFYELD1AVPIHCBVK5KIBCXIYZX4,d20b0348-0855-4f29-973c-ac5a01cd158a,600016293,1qaz@WSX,123147334
maple_chen_test079@coinw.com,NBGBBC9HFSNOMGANIHYNFKZ6LT7L5SKXILUQ,60cce47a-9103-4854-b334-38cd2ec5ce1a,600016294,1qaz@WSX,123147335
maple_chen_test080@coinw.com,YF0ONDF3R6T0YNNRKEZA4YAEFUSOLFOGDEKS,7133f5b1-b840-4473-857e-f5c13a1e6d17,600016295,1qaz@WSX,123147336
maple_chen_test081@coinw.com,D81OMF9SAZYR8ZE9UVTKTX72GETNBRDTIBCS,5b16c1cf-8655-47fd-ac5c-e3ad700a0611,600016296,1qaz@WSX,123147337
maple_chen_test082@coinw.com,EM16ZVMUC52WUEVUGOO1DMOPIFYELR2OY3LH,acb8a0eb-3dd1-4433-8400-35c3bf451910,600016297,1qaz@WSX,123147338
maple_chen_test083@coinw.com,HCUUTYIBG0KKPYNLSUIV5IMWTUKLGH470RBV,2e1cb663-9c88-494e-b03b-7e3580e1ea36,600016298,1qaz@WSX,123147339
maple_chen_test084@coinw.com,40KGL6KPGOMYGX4GPFHMSYFPHQKRIBOGWS4W,df33e6d1-bc89-4ed0-8744-aaf732dc154a,600016299,1qaz@WSX,123147340
maple_chen_test085@coinw.com,87GHIOAVSYDPO2UN8ZAA30OMNNXSNWRAAL0A,54444a82-80e6-4747-9043-d0c665f9c77d,600016300,1qaz@WSX,123147341
maple_chen_test086@coinw.com,ILUHSDONOYFES5OPVPOYYNDG0YBZKUHHF3H1,66a44d05-df11-42aa-b867-14fb2fac0a4e,600016301,1qaz@WSX,123147342
maple_chen_test087@coinw.com,VXI1OKGZT5GYDUZEMGBIGUL3K6QQ6CWFUVBN,38602752-49f8-4f36-a976-e9b6b49265aa,600016302,1qaz@WSX,123147343
maple_chen_test088@coinw.com,GTHCXUWXI1WCIKTKMDVHUIQGYFEOKKOFO0YE,33771b91-d11c-4e5b-bd63-08127700e781,600016303,1qaz@WSX,123147344
maple_chen_test089@coinw.com,RHATBUEXEGNFW6RKXRKDUTYBOK4XX22AGGLU,414c9f23-c780-4e5f-8160-10dd8beb3a9d,600016304,1qaz@WSX,123147345
maple_chen_test090@coinw.com,62EO60RXLPWTLS0ZAB9VA6BLGUBHIED8PAOX,f44fe9d8-ef23-4388-ba34-4e72817b755d,600016305,1qaz@WSX,123147346
maple_chen_test091@coinw.com,XVQH2KGDCFUN6KZBYMCDLK9GFS6S1RAGM4HB,0bcddaf5-b757-404c-be35-3d142695b2ad,600016306,1qaz@WSX,123147347
maple_chen_test092@coinw.com,SK3I4F0LA1CBUKU2P3AVWNN2NWYUAFHNMT0P,d0a95990-ca9a-4e97-ba5f-86560ea1e97b,600016307,1qaz@WSX,123147348
maple_chen_test093@coinw.com,NMRRHRHGWBTFV6S2GIY5VP5K3XGUD8WGF32Y,4f570883-2b9b-4e99-b06a-7fd0727b833f,600016308,1qaz@WSX,123147349
maple_chen_test094@coinw.com,12D19CLTRBRRX4AE0FCDNTUFOM8ZAGHCNFYO,662d58b9-cb19-4d91-a6e6-a602ab6fee81,600016309,1qaz@WSX,123147350
maple_chen_test095@coinw.com,WYL8H5PF83SAGK5YWSIULLDFICRUFS31NVFK,98189295-b093-4011-80fc-4a5aec75f292,600016310,1qaz@WSX,123147351
maple_chen_test096@coinw.com,WSTW0YG7Z66GEPGLHLN3ZGZUIURPSGBOFVMN,c2f36516-08a9-4e96-a6a5-95195a9006ee,600016311,1qaz@WSX,123147352
maple_chen_test097@coinw.com,BW6Z3GO5EHXO8ZZKIMDGQGANDS8A23EKFTVY,68074083-66a7-43b8-be7d-ba18852462d2,600016312,1qaz@WSX,123147353
maple_chen_test098@coinw.com,P8UUGG88PCCNUV29PAIFYPKD7V5ONHTV3FD1,b96ea651-455a-451d-9634-9eb7398be295,600016313,1qaz@WSX,123147354
maple_chen_test099@coinw.com,DFKK4SHV5B6GKZKDLGBF1FHBGDYNVCG5FEOK,86bba777-c12c-4cbe-89b7-9a6cee3c3140,600016314,1qaz@WSX,123147355
